﻿[
  {
    "CodIncidente": "IN38233",
    "Cedula": "116340811",
    "Fecha_Creacion": "8/22/13 13:30",
    "IdCategorias": "1",
    "Horas": "4",
    "Fecha_Est": "8/27/14 13:30",
    "Fecha_Asigna": "8/22/13 13:30",
    "Fecha_Result": "10/24/13 9:39",
    "Estado": "1"
  },
  {
    "CodIncidente": "IN38234",
    "Cedula": "116340811",
    "Fecha_Creacion": "8/22/13 13:30",
    "IdCategorias": "2",
    "Horas": "24",
    "Fecha_Est": "8/28/13 13:30",
    "Fecha_Asigna": "8/22/13 13:30",
    "Fecha_Result": "8/27/13 15:30",
    "Estado": "1"
  }
]